34.0,11.0,4.8,14.4,9.3,22.4
34.2,10.5,5.2,15.2,8.8,22.7
35.0,10.4,5.0,14.4,9.4,23.9
32.8,10.2,5.1,15.2,9.1,24.1
35.2,10.5,5.1,15.5,8.8,22.6
34.3,12.2,4.8,15.1,15.4,24.2
32.2,12.2,5.2,15.0,13.2,23.6
32.0,13.1,5.2,14.5,12.1,24.6
29.7,14.3,5.2,14.4,9.5,23.4
29.1,16.3,5.0,14.7,8.7,23.2
27.8,17.9,5.0,15.1,8.5,24.4
27.8,19.4,4.8,15.0,8.5,24.0
25.5,20.4,4.8,14.5,9.1,25.0
23.3,20.2,4.8,15.3,8.8,25.0
22.2,23.5,9.7,15.6,9.0,24.8
22.0,22.6,9.6,15.7,8.2,24.3
19.1,25.3,9.9,14.6,9.0,38.8
18.5,26.3,4.6,15.0,9.0,38.5
17.6,28.9,4.6,15.8,8.8,39.5
16.6,28.0,4.6,16.0,8.7,36.1
14.3,29.0,4.9,16.0,8.1,99.2
13.1,32.4,4.9,16.0,8.1,97.6
11.6,32.1,4.6,15.4,9.1,96.0
51.4,33.1,4.6,16.1,9.6,36.7
64.4,28.8,4.9,14.9,8.7,32.1
70.1,29.8,5.0,16.2,6.9,24.8
72.5,24.1,5.4,15.9,5.4,17.5
76.9,21.9,5.7,16.4,7.7,16.8
72.5,22.2,6.0,16.2,8.9,16.7
75.9,22.4,6.7,15.3,7.1,22.0
70.2,23.1,7.1,16.2,5.8,20.1
70.7,23.3,4.7,15.3,4.4,19.7
70.7,25.1,2.9,14.9,3.3,25.1
66.5,25.0,3.4,14.4,1.7,24.9
68.2,27.4,4.0,13.5,4.2,23.4
68.3,29.8,4.4,12.3,5.4,23.4
63.8,29.7,2.2,11.7,7.4,21.9
61.2,32.6,0.3,11.7,8.2,22.8
60.9,32.1,1.0,11.3,33.5,21.4
57.2,36.7,1.6,10.2,31.0,20.0
59.5,38.3,2.0,12.3,32.2,26.7
58.9,41.3,2.7,14.2,30.0,25.5
54.8,45.4,3.2,13.4,28.2,115.4
53.8,47.7,3.4,13.3,26.2,116.6
53.0,46.6,3.9,12.8,28.1,109.8
52.9,50.1,10.1,16.0,29.2,108.9
50.7,48.6,10.3,16.6,30.3,107.8
46.7,52.2,16.7,16.2,27.3,103.0
46.8,52.1,16.5,16.3,25.5,102.6
43.0,58.1,17.4,14.8,23.8,96.6
43.3,56.5,17.7,14.8,23.2,93.7
44.3,58.9,18.1,14.9,22.5,89.9
42.9,57.0,18.6,14.1,20.3,87.8
39.5,64.0,25.5,18.0,19.2,89.7
39.5,60.8,24.9,18.7,18.8,77.1
37.1,65.5,22.5,18.4,16.1,78.8
34.3,67.3,20.4,18.1,15.9,76.2
35.9,63.9,20.6,16.3,16.9,68.7
32.1,66.0,21.4,20.4,18.1,67.1
32.1,72.0,21.7,25.0,19.4,66.0
29.6,72.3,18.6,28.2,20.4,60.1
29.2,71.1,17.9,31.3,19.5,61.7
27.6,74.0,18.0,35.0,18.7,56.5
25.6,75.9,19.0,38.4,16.4,56.6
26.3,72.4,19.2,44.2,15.2,51.6
24.7,75.4,15.8,46.2,14.2,49.5
23.0,79.9,13.4,50.1,12.2,47.1
21.5,80.6,10.1,50.7,11.2,42.6
20.2,72.3,10.9,47.4,10.0,44.1
20.7,35.6,11.4,42.7,11.2,53.9
20.4,31.9,12.6,35.6,12.3,79.1
18.5,31.5,14.4,37.5,11.0,91.3
17.0,33.9,11.4,32.4,10.5,101.8
14.2,35.1,9.3,38.5,14.5,137.0
13.3,36.9,7.7,39.3,14.0,137.8
12.8,36.7,6.3,39.4,12.5,140.1
13.2,33.8,7.6,33.9,12.2,142.3
14.7,37.7,9.7,30.6,12.3,130.7
16.5,34.6,8.4,29.6,12.3,139.0
22.6,38.2,7.3,27.5,11.8,74.1
30.6,32.3,11.5,27.8,13.4,44.5
45.9,25.7,10.8,31.5,12.6,48.1
54.2,16.0,10.4,31.1,10.1,44.2
69.5,17.5,10.1,31.5,8.1,45.9
67.1,18.4,9.8,29.4,7.9,44.2
72.3,20.8,10.2,30.3,7.5,42.2
74.7,21.3,9.9,25.2,7.7,43.2
73.9,22.1,9.1,25.4,6.8,41.6
68.9,23.8,9.5,26.5,7.1,42.2
68.3,25.1,9.3,25.8,6.7,40.2
68.3,27.5,4.3,27.7,6.3,38.1
68.5,28.9,4.1,26.8,6.0,38.4
63.7,28.0,3.7,26.7,6.0,39.3
64.8,30.1,3.5,27.7,5.8,37.4
59.0,30.4,3.4,25.6,5.5,40.5
61.7,32.5,3.1,26.8,5.1,40.1
58.8,34.2,3.1,27.5,5.0,37.7
54.8,34.0,2.9,28.3,4.7,39.0
58.2,36.2,2.5,31.5,4.2,47.5
56.6,37.6,2.5,34.0,3.9,50.7
55.0,38.1,2.1,32.7,4.0,47.4
52.2,41.3,2.0,29.2,9.6,49.4
52.2,40.1,1.8,28.1,8.7,51.2
49.2,43.7,1.6,27.5,6.3,50.7
48.4,43.4,1.3,27.5,3.5,49.2
43.9,48.2,1.2,30.0,3.4,52.2
43.3,48.6,6.5,27.7,3.2,49.7
41.3,46.8,6.2,29.4,3.0,50.4
44.0,48.3,5.7,29.2,2.6,51.5
40.9,53.9,1.0,29.7,2.5,53.1
41.2,52.4,0.8,28.2,2.2,47.3
42.0,54.9,0.6,30.5,1.9,46.5
45.6,55.1,0.5,28.3,2.0,45.8
49.6,57.0,0.4,29.4,2.0,44.7
46.6,55.4,0.4,26.0,2.0,46.0
44.8,57.7,0.4,26.1,1.9,42.5
45.6,62.1,0.4,25.8,1.8,40.6
44.0,60.9,0.4,24.8,1.8,39.8
44.0,62.7,0.3,24.2,1.9,40.1
41.1,64.4,0.3,25.8,1.7,42.7
38.7,65.8,0.3,24.4,1.8,43.5
40.1,64.0,0.3,23.6,1.8,42.5
37.7,67.6,0.3,31.6,1.7,40.2
36.2,71.8,0.2,30.9,1.7,42.9
35.7,68.4,0.2,31.3,1.7,50.4
34.6,73.0,0.2,31.4,1.6,50.8
33.2,76.6,0.2,30.3,1.6,47.8
30.7,76.8,0.2,29.5,1.6,59.8
30.3,74.1,0.1,29.4,1.5,57.6
28.8,77.0,0.1,31.2,8.4,55.6
27.1,75.8,0.1,29.8,7.7,66.4
26.4,76.9,0.0,28.6,8.0,66.8
24.6,88.4,0.0,31.4,7.5,74.0
22.3,96.1,5.4,29.5,7.6,74.8
22.6,96.7,5.4,29.7,5.5,79.8
19.6,91.3,5.1,30.0,3.4,77.1
16.2,106.5,4.9,32.0,2.9,77.4
9.4,104.5,5.4,26.0,3.3,74.2
5.8,120.4,6.7,29.7,5.1,64.7
5.1,59.9,7.0,28.6,5.0,65.6
5.7,64.2,7.0,29.3,5.4,65.8
6.9,63.3,7.1,29.3,5.6,67.6
8.1,67.5,6.9,27.5,6.4,69.7
8.9,63.6,5.4,27.7,6.8,70.5
10.3,61.8,2.9,25.9,7.5,68.6
11.7,107.9,3.6,25.1,8.1,66.9
12.4,102.4,4.4,26.3,8.8,68.4
15.1,99.7,4.4,27.9,9.5,76.7
21.5,94.4,4.2,29.2,9.6,84.2
24.3,103.1,3.9,26.1,10.6,81.2
24.3,104.0,3.8,27.7,10.3,78.6
23.6,104.9,6.1,26.8,9.1,77.5
23.0,101.1,8.9,28.8,7.3,81.8
21.0,100.8,7.9,26.4,4.6,78.8
19.4,106.2,8.0,29.0,4.3,76.5
19.3,104.0,7.2,27.4,3.8,78.7
18.0,105.2,7.6,25.1,3.7,71.7
15.2,107.0,6.8,24.7,3.1,78.4
15.3,106.1,6.4,24.0,2.8,72.0
13.7,107.7,1.6,23.7,2.4,76.1
12.1,112.0,1.3,25.7,2.2,76.8
11.0,110.5,1.0,25.5,2.2,71.0
10.6,97.0,0.7,24.1,2.4,68.9
58.1,83.5,0.6,30.4,3.2,56.0
53.8,30.6,0.7,28.4,4.3,41.4
52.7,30.2,1.0,28.4,5.0,41.4
51.5,26.8,1.2,28.7,5.2,42.0
52.7,28.0,1.5,29.4,5.8,42.5
51.3,28.7,1.6,29.9,6.1,41.5
49.5,28.6,1.8,25.1,6.6,47.3
49.6,30.6,2.1,23.4,4.6,48.3
46.5,31.6,2.3,24.0,3.4,47.3
44.7,41.7,2.5,22.0,2.2,45.9
51.4,99.5,2.8,22.1,2.2,57.4
52.3,115.6,3.0,26.5,2.4,58.7
11.4,122.0,3.4,28.1,2.9,58.5
6.5,121.8,4.1,32.9,4.1,48.1
5.9,116.2,4.2,33.4,4.3,46.9
7.5,120.4,4.3,32.4,4.2,49.6
9.5,126.3,4.3,25.7,4.6,57.0
11.4,120.3,4.8,26.8,5.8,56.0
13.1,116.3,4.9,25.7,5.8,59.0
15.4,121.0,5.2,25.8,6.6,60.1
21.3,123.8,5.5,26.3,7.0,62.7
55.1,123.9,5.1,25.3,6.9,66.4
51.9,130.0,5.3,25.6,6.5,62.8
53.5,126.2,4.8,24.7,5.4,60.8
49.6,124.2,5.0,25.2,3.4,62.0
50.0,123.7,4.7,25.1,2.6,60.5
11.6,118.8,5.2,25.1,3.0,56.1
6.6,71.7,6.0,34.4,4.5,44.4
5.8,64.0,5.8,33.2,4.9,43.5
7.0,62.0,5.8,32.3,4.5,45.7
9.2,73.3,6.4,32.6,3.9,46.2
11.7,112.6,6.5,31.2,4.4,47.1
15.1,111.9,6.3,25.0,5.6,59.2
17.4,124.2,6.7,23.4,6.4,58.0
16.7,118.2,7.2,24.8,6.8,55.8
14.9,114.7,7.2,26.1,7.3,58.1
13.8,78.5,6.6,23.9,6.0,50.0
16.4,116.6,6.7,25.2,3.9,57.6
49.2,128.8,5.9,23.2,2.1,60.7
50.8,124.0,5.7,25.5,2.5,62.0
49.3,120.8,5.4,25.6,2.7,60.4
47.1,124.3,5.4,25.6,2.4,55.1
44.6,125.8,5.4,25.0,2.3,52.2
42.4,120.7,0.6,23.4,2.1,54.6
44.7,121.9,0.5,24.2,2.1,54.1
42.8,128.0,0.5,23.8,2.1,55.7
41.2,124.1,0.5,31.3,2.0,53.9
39.5,125.1,0.4,30.1,1.9,52.9
39.6,134.1,0.4,30.7,1.8,53.0
37.0,135.5,0.4,31.1,1.8,50.8
36.8,133.8,0.3,29.3,1.7,49.3
35.3,130.8,0.3,28.3,1.6,46.7
31.9,141.1,0.2,34.4,1.7,44.1
32.7,143.7,0.2,36.3,1.6,41.0
30.6,139.5,0.2,35.4,1.6,33.1
28.0,139.7,0.2,35.1,1.4,32.9
26.4,150.3,0.1,34.0,46.8,31.7
26.8,148.7,0.1,35.4,48.0,29.3
26.0,157.5,0.1,35.9,44.3,27.0
24.3,156.2,5.6,40.8,43.8,24.8
23.1,155.2,5.6,41.7,46.0,22.1
21.5,146.0,4.8,42.0,44.0,22.0
19.5,148.4,4.6,42.4,44.9,20.7
17.8,157.4,8.9,40.2,42.4,18.0
17.9,161.3,15.4,39.5,40.3,16.4
15.1,159.1,14.5,39.7,37.5,14.8
15.1,159.1,14.1,42.0,25.6,13.6
13.2,152.0,13.5,42.8,23.4,10.9
11.6,165.2,19.5,42.5,22.7,9.4
10.4,139.8,86.7,39.3,18.5,10.1
10.0,85.5,76.3,42.2,14.4,11.6
9.7,23.1,74.7,40.3,12.8,10.5
9.0,118.1,75.2,42.7,13.5,9.0
9.5,130.5,79.6,39.8,14.5,8.6
10.1,139.3,83.5,40.0,16.1,9.6
11.2,137.6,84.3,43.1,17.0,10.2
11.0,158.8,33.0,42.4,21.6,9.9
12.3,154.3,13.4,43.3,38.2,8.2
12.4,109.2,14.8,39.2,40.4,9.1
13.2,162.5,14.1,44.0,36.7,9.3
13.3,150.2,13.3,43.2,36.7,10.1
12.7,165.6,14.0,40.0,25.8,11.0
12.7,140.1,86.5,41.1,20.9,12.7
12.8,21.3,77.0,43.8,17.2,15.9
13.4,14.2,76.5,35.3,15.9,17.0
12.9,24.1,80.9,41.9,17.3,15.6
12.4,143.3,84.0,41.8,20.2,12.3
12.6,166.1,13.3,42.5,24.5,10.5
13.0,72.4,14.6,38.6,39.4,8.5
14.2,74.7,14.8,37.8,42.6,11.4
14.5,64.8,11.1,21.7,57.3,13.5
16.8,39.5,7.9,16.8,77.2,12.3
18.0,43.2,5.8,13.5,80.3,12.2
19.6,38.0,6.9,11.2,56.5,11.9
20.6,40.4,7.1,10.1,33.5,11.2
21.0,42.6,6.1,9.2,33.8,10.9
21.2,45.4,6.9,8.0,30.3,10.7
20.1,46.2,8.1,10.9,31.2,9.8
19.4,44.5,8.8,11.9,35.7,8.8
17.2,48.7,9.3,11.5,39.8,8.5
15.9,49.9,10.9,10.7,55.2,7.5
15.3,48.1,11.2,9.8,52.2,6.6
13.8,51.4,12.6,8.4,50.6,6.0
11.7,52.0,11.1,7.3,78.9,5.2
11.7,51.9,9.9,6.6,55.9,4.4
22.5,49.8,9.7,5.7,47.7,4.1
25.9,54.7,12.9,4.4,29.3,4.2
24.8,53.8,12.9,3.8,25.2,4.4
22.0,54.2,13.2,3.4,25.7,4.2
26.7,56.7,12.4,3.0,24.4,4.0
28.7,60.2,13.0,2.5,22.8,3.8
29.8,58.8,8.5,2.2,21.7,3.3
26.8,61.8,8.2,1.9,21.5,2.9
27.1,59.8,9.3,1.5,19.3,2.7
25.3,65.2,9.6,1.2,20.6,2.3
24.8,66.2,9.8,0.9,21.1,8.2
23.1,65.1,14.7,0.7,21.7,7.4
23.2,68.1,15.6,0.4,21.4,7.7
20.9,64.8,15.9,0.2,21.8,7.1
17.4,67.1,15.3,0.5,33.3,7.2
15.9,70.1,14.9,5.5,35.3,6.8
13.5,66.8,15.4,5.3,34.9,6.6
12.1,69.7,16.5,5.0,35.3,6.4
12.6,77.3,15.3,4.7,33.2,6.4
19.9,74.3,15.2,4.8,31.9,6.6
42.1,74.2,16.3,4.3,26.5,5.5
40.8,34.8,15.2,4.0,17.7,3.6
44.3,32.9,16.1,4.3,15.2,2.4
40.3,76.8,16.1,4.2,25.1,2.4
39.3,79.3,16.2,4.6,29.1,2.4
17.2,76.3,16.6,4.6,29.4,2.5
9.5,74.2,10.7,5.3,30.8,3.1
6.1,75.6,12.1,5.8,50.3,4.1
6.1,70.3,12.1,5.7,49.4,3.7
6.6,76.8,11.5,5.7,50.8,4.5
7.7,73.3,11.1,6.2,50.5,6.1
8.4,71.5,10.8,6.7,49.7,6.1
9.0,69.8,10.1,7.7,52.4,6.8
10.1,69.7,9.9,8.3,32.9,7.1
11.6,71.4,13.7,8.4,32.5,8.1
14.3,64.0,14.5,8.3,29.6,8.4
19.9,70.4,12.6,8.2,32.4,9.8
46.8,71.8,11.9,7.7,16.5,10.4
44.0,72.5,11.8,8.2,14.4,9.5
44.1,71.4,12.5,7.8,12.7,7.8
49.3,75.8,12.2,7.5,12.2,5.8
45.8,72.8,12.9,7.8,13.2,6.1
44.4,77.6,12.9,7.7,12.5,6.1
45.8,74.3,12.3,7.8,12.3,5.5
41.9,73.5,12.5,7.9,13.0,5.7
41.1,76.1,12.8,7.7,11.6,5.7
40.7,75.4,11.9,7.9,19.6,5.6
40.5,79.1,7.4,2.5,20.3,5.5
37.1,82.7,7.6,2.5,19.2,5.6
35.5,83.8,7.1,2.5,20.6,5.5
33.6,85.5,7.3,2.5,20.2,5.6
33.1,82.2,7.1,2.4,19.3,5.6
31.8,85.9,7.4,2.5,20.1,5.4
31.3,89.4,7.2,2.6,18.5,5.5
31.4,93.0,7.3,2.5,15.8,5.6
28.4,94.9,12.6,2.6,13.1,5.3
27.0,95.0,12.1,2.4,12.7,5.0
26.2,92.9,13.0,2.6,12.3,12.5
24.4,94.8,12.0,2.6,13.4,12.0
22.7,93.2,12.1,2.5,12.8,12.4
22.8,101.7,12.1,2.5,19.7,12.6
21.4,102.6,12.9,2.5,20.4,12.0
19.4,99.9,12.3,2.4,20.4,12.2
17.8,98.2,12.6,7.2,20.9,12.9
168.0,0.0,20.4,10.3,23.0,17.4
167.8,0.0,19.7,10.7,22.3,16.9
181.0,0.1,20.8,10.9,22.3,17.6
169.6,0.2,19.6,10.3,23.7,17.7
170.6,0.6,20.6,10.9,23.5,16.7
171.2,1.2,20.2,11.0,22.1,17.0
177.4,2.1,19.8,10.0,21.7,17.5
168.0,3.3,19.0,10.8,21.4,17.0
163.5,4.3,20.2,10.0,22.7,17.0
170.1,5.4,19.3,10.9,21.3,17.0
161.8,6.5,20.7,10.7,22.3,17.7
169.8,8.0,20.0,10.4,29.6,17.2
164.0,9.3,20.3,10.7,28.6,16.4
162.2,10.3,19.0,10.5,28.9,14.3
168.3,12.0,19.9,10.5,28.9,12.8
155.4,13.1,20.7,11.2,30.6,11.2
166.2,14.0,20.2,10.4,28.9,9.4
162.4,15.3,14.6,10.8,30.3,9.7
163.9,16.7,14.8,10.7,28.4,9.9
155.8,19.4,15.1,11.0,29.5,10.0
157.4,19.2,13.8,10.5,30.1,8.8
153.8,21.7,14.7,10.8,28.0,6.9
159.4,22.8,14.9,10.3,30.1,5.3
152.4,24.7,14.1,10.3,27.5,3.3
148.5,24.7,14.3,5.9,29.9,3.4
151.4,27.9,18.6,5.9,28.0,3.1
141.5,28.8,18.8,5.5,29.8,2.9
143.0,28.1,18.5,5.8,28.2,3.0
140.8,29.6,19.1,1.0,29.5,3.5
149.0,32.7,19.2,0.9,30.0,3.2
143.8,33.2,19.8,0.7,27.6,3.2
137.9,33.1,18.4,0.6,30.0,2.4
133.4,36.0,19.7,1.0,28.4,3.6
135.3,38.1,19.8,0.9,28.1,3.3
139.4,39.7,20.0,0.8,28.6,3.2
131.1,38.9,19.5,0.7,27.7,18.1
136.3,40.1,19.5,1.1,27.5,17.3
136.2,43.2,20.0,1.0,28.0,17.8
129.8,43.8,18.4,0.8,27.4,17.7
124.6,46.5,18.5,0.8,29.6,18.2
124.2,46.0,18.3,6.2,28.8,18.6
121.2,46.4,18.4,6.3,27.2,18.5
123.0,48.2,19.7,6.1,24.7,18.8
122.9,48.4,19.4,11.3,23.8,18.1
121.2,53.2,19.7,11.0,20.7,18.0
123.2,55.1,19.6,11.0,21.0,17.7
118.6,52.7,18.5,11.1,22.2,19.0
115.5,56.2,19.0,11.3,21.2,17.7
121.9,58.6,19.6,11.8,22.1,19.2
113.5,57.7,18.0,11.2,20.8,18.4
118.7,60.5,18.9,11.8,20.4,17.9
116.1,61.9,18.7,11.4,21.4,18.5
117.9,63.2,18.9,11.4,21.6,17.7
113.6,64.6,19.2,11.5,20.9,18.9
108.0,67.1,18.6,11.8,20.7,17.8
112.0,65.9,19.1,11.4,21.3,19.2
105.9,70.8,18.9,11.1,19.4,18.3
109.8,68.7,17.8,11.4,17.7,18.9
103.2,70.5,13.8,11.1,16.4,18.1
102.2,71.7,13.3,12.1,13.7,18.7
98.6,69.8,13.6,11.0,13.7,19.5
103.4,71.3,13.9,11.9,14.3,19.2
103.7,77.9,14.1,11.6,13.6,19.2
94.9,78.3,14.2,11.7,13.1,19.3
95.7,75.3,14.1,11.6,13.4,18.4
94.4,79.5,13.1,11.8,13.4,19.1
93.9,82.3,13.3,11.7,12.8,19.2
89.5,81.6,12.8,11.6,13.1,18.7
93.5,79.8,12.8,11.3,19.3,18.1
87.6,86.2,8.6,11.2,21.0,18.2
90.4,88.0,8.4,11.2,20.3,18.9
88.2,92.1,8.2,11.4,19.6,18.7
83.0,85.2,8.0,11.9,19.0,18.5
81.9,89.3,8.0,11.6,20.8,18.7
80.4,88.3,8.3,11.5,19.2,18.5
82.4,93.7,8.4,12.4,19.5,18.8
76.7,90.0,7.7,12.3,27.6,17.2
78.1,95.7,13.2,11.3,26.3,14.8
81.8,95.2,12.3,11.6,25.8,13.1
80.1,100.4,13.4,11.5,27.7,11.2
76.0,101.0,12.7,11.9,27.9,9.5
73.2,103.6,12.8,11.6,26.1,7.4
73.1,99.0,12.5,11.8,27.0,5.3
72.0,106.5,13.3,12.4,26.9,5.2
69.2,105.8,13.2,12.1,27.7,5.0
71.7,102.0,13.0,12.3,27.5,5.0
69.1,108.2,12.3,12.6,25.2,4.8
66.4,109.5,12.8,11.8,26.7,5.6
66.9,107.7,12.4,2.4,25.9,5.5
64.6,115.0,17.6,2.3,27.6,5.4
63.4,118.5,17.7,2.1,27.5,4.4
59.1,109.9,17.1,2.1,25.5,5.3
61.7,111.8,17.8,2.5,27.1,5.6
56.8,112.9,17.4,2.2,25.2,5.1
55.8,123.5,17.7,2.3,26.3,5.8
54.8,118.6,17.6,2.0,26.1,5.6
54.8,123.6,17.3,2.6,26.5,5.4
52.1,126.2,17.4,2.3,25.5,5.1
52.1,120.0,17.4,2.3,26.8,12.4
48.1,125.2,17.5,2.1,25.7,12.2
49.7,128.5,17.9,2.6,26.4,13.3
45.2,129.8,17.8,2.5,27.3,12.1
46.5,134.4,17.4,2.3,25.2,13.4
45.1,130.1,17.7,2.2,75.2,13.5
43.0,132.1,17.1,7.6,69.3,13.2
40.9,134.6,16.7,7.6,68.7,13.4
38.8,132.4,17.4,7.2,67.5,12.5
37.9,134.1,17.6,8.2,68.4,13.6
38.8,135.9,17.1,7.9,62.2,12.8
35.9,145.1,17.8,7.3,60.6,13.6
35.7,136.8,16.9,7.3,61.2,13.0
35.6,142.8,17.4,8.1,60.3,13.6
33.4,143.5,17.7,8.0,57.5,13.0
31.0,142.9,16.6,7.7,53.4,19.8
31.3,150.9,16.4,7.4,55.2,20.5
29.9,142.1,17.9,8.1,53.0,20.3
26.9,145.7,17.6,7.7,50.9,19.6
26.0,156.2,17.4,8.0,39.5,19.5
24.1,154.3,17.4,8.0,37.8,20.8
23.7,146.3,32.3,8.3,36.4,20.9
22.8,150.7,31.4,7.7,34.5,19.6
21.0,158.6,30.5,7.6,33.1,19.5
18.9,158.9,32.4,12.2,32.1,20.3
18.0,159.0,83.1,13.1,31.5,20.6
16.4,165.9,83.1,13.1,31.4,19.8
15.8,157.8,90.7,12.8,32.1,22.3
14.7,103.3,31.7,12.9,29.3,19.3
15.5,27.3,32.2,13.9,46.2,16.5
21.9,24.2,19.8,14.9,56.1,14.7
24.2,18.3,21.3,17.6,83.9,13.1
24.3,16.0,22.9,19.3,89.1,13.3
26.8,14.4,23.7,19.4,83.4,11.7
26.2,14.5,24.9,17.0,84.7,11.2
24.4,16.8,23.7,16.4,87.8,10.4
24.9,17.9,21.6,14.5,82.0,9.7
24.0,17.7,21.5,13.1,85.0,8.8
21.5,18.7,20.4,12.8,81.6,7.7
21.8,21.6,18.0,11.6,81.9,7.4
19.8,21.6,20.3,9.7,80.6,6.4
17.9,23.1,21.2,8.5,77.1,10.8
16.1,25.3,22.0,7.7,80.9,9.3
14.9,24.6,24.4,6.6,73.5,8.3
14.8,26.0,24.2,5.2,76.5,7.5
12.7,27.2,25.6,4.2,72.1,7.3
13.2,27.0,23.5,3.2,78.2,6.5
11.0,31.9,22.4,6.0,77.6,6.5
10.7,30.4,21.1,7.2,67.3,6.6
13.3,28.6,25.0,6.2,37.9,6.8
39.8,25.6,46.6,5.9,27.6,7.8
74.6,27.9,77.4,5.4,28.3,9.5
74.7,27.3,171.7,5.5,26.4,10.8
77.9,17.5,119.5,5.6,24.9,9.7
56.5,8.6,55.0,5.9,21.1,8.6
31.2,4.9,46.6,7.1,26.5,38.6
24.5,6.5,39.0,8.7,60.4,75.0
26.4,8.4,33.5,9.6,169.4,68.6
24.5,8.1,31.1,7.8,130.6,72.6
21.7,8.4,33.3,8.8,116.4,74.3
19.9,8.8,33.3,11.8,112.0,69.3
18.6,10.1,33.7,25.2,102.8,61.5
17.4,10.8,31.0,30.1,96.9,58.0
16.1,12.0,28.6,32.1,99.6,37.7
14.9,13.7,29.1,36.0,99.0,34.1
14.5,14.9,30.8,34.8,108.8,29.0
13.2,16.2,33.2,35.6,107.4,27.1
12.1,15.1,29.9,34.7,86.2,20.6
10.2,15.4,32.7,70.8,55.0,14.9
10.3,15.4,34.8,66.9,44.8,14.8
10.1,15.3,35.9,67.3,41.8,14.6
9.5,15.7,34.2,68.1,49.3,12.9
9.9,16.3,30.9,40.6,87.6,16.8
11.7,17.9,33.4,35.9,113.5,26.7
12.3,18.3,36.0,34.4,126.5,62.4
12.5,18.7,35.2,34.5,119.7,61.8
12.2,16.3,33.9,34.7,113.5,29.2
12.1,16.6,30.1,33.3,95.5,20.6
11.3,14.6,33.6,66.4,52.0,16.1
10.3,14.0,34.1,68.2,43.2,15.3
10.7,14.4,33.0,66.1,41.1,15.9
11.3,15.0,33.2,68.5,42.6,15.1
11.8,14.7,32.3,65.1,52.8,17.8
12.0,15.7,32.0,34.1,111.5,28.2
15.2,18.7,37.6,28.4,169.0,70.6
16.5,17.0,39.2,23.9,68.3,66.0
16.1,15.9,41.5,25.1,52.6,68.3
14.5,17.1,39.5,24.5,47.6,64.1
14.4,18.3,42.2,27.2,49.6,65.5
14.0,17.3,44.7,26.3,8.7,63.0
14.0,20.3,41.1,23.2,8.4,62.3
11.0,25.4,51.0,21.2,8.1,66.2
13.0,34.8,88.4,14.1,8.5,63.8
20.7,39.5,110.4,13.1,9.7,34.5
21.7,38.2,114.0,13.5,9.4,33.1
17.8,38.4,117.5,13.6,9.1,36.5
11.7,35.9,92.6,15.3,8.3,66.0
10.8,25.3,48.2,23.0,7.8,64.6
11.7,19.2,41.6,28.5,7.2,60.9
10.6,21.1,42.4,30.3,7.6,64.4
11.5,21.9,42.8,30.1,7.5,60.6
11.9,19.2,43.8,27.0,7.5,61.2
12.8,20.7,43.9,25.4,7.7,63.9
10.9,26.6,51.5,22.0,7.6,65.0
11.0,34.5,90.6,21.0,7.5,65.9
15.9,37.5,116.6,14.1,8.6,35.4
19.0,39.4,120.5,14.0,8.6,33.1
15.2,40.7,116.8,13.6,8.0,39.3
9.7,32.4,82.2,20.6,7.8,63.9
10.6,25.1,46.7,23.3,7.2,65.6
12.0,21.2,42.1,27.3,7.4,63.9
11.8,19.5,38.6,26.6,7.2,60.6
13.6,20.4,39.9,25.1,7.4,63.4
11.9,22.9,46.7,24.8,7.5,65.4
10.8,29.0,56.8,22.3,7.8,65.9
12.6,35.0,93.9,14.0,8.0,63.3
20.1,38.7,115.4,13.8,8.9,32.0
23.4,39.4,118.8,12.7,9.1,32.8
16.9,37.4,118.2,13.0,9.0,35.4
11.1,36.9,89.3,19.7,7.9,63.1
10.9,25.5,49.9,23.3,7.5,63.1
11.8,20.6,41.0,27.0,7.3,62.2
11.3,21.4,42.7,29.7,7.6,61.3
10.5,22.4,42.1,31.8,7.5,60.5
11.6,19.3,41.5,27.0,7.4,64.7
11.9,21.0,45.0,24.3,7.6,65.1
9.9,26.7,50.4,22.5,7.1,62.2
11.1,36.1,89.1,20.1,7.4,68.5
17.2,39.7,117.1,13.3,8.1,36.9
15.7,39.7,116.5,13.8,8.2,37.0
12.3,36.6,93.9,14.7,7.7,61.5
10.1,28.3,51.0,22.9,7.1,66.9
12.8,20.0,43.1,27.1,7.1,61.9
11.7,20.2,44.6,30.0,7.2,65.9
11.2,19.5,43.3,29.7,7.5,62.1
12.3,20.5,40.6,25.7,7.6,64.7
11.9,24.2,44.3,24.5,7.5,61.0
10.1,30.3,58.0,20.5,8.0,63.3
13.3,39.8,94.2,14.6,8.2,57.3
20.9,37.0,115.6,13.6,8.7,32.5
23.5,36.8,127.1,14.0,8.7,32.8
17.3,38.0,120.5,13.8,8.3,32.6
11.2,36.7,96.9,14.9,7.9,61.2
10.4,26.8,53.1,23.4,7.4,61.4
11.5,21.3,42.7,28.7,6.6,62.2
10.2,21.0,42.3,31.6,6.8,61.9
10.4,21.1,43.1,30.6,7.0,66.1
11.3,19.2,38.5,27.4,7.0,61.1
12.1,22.4,47.9,26.1,7.2,63.1
9.3,29.9,56.3,23.1,6.9,65.3
10.5,38.2,96.7,20.1,7.7,63.1
17.9,37.3,111.7,13.7,7.9,33.6
16.6,40.9,111.1,14.4,8.5,35.8
11.7,40.5,96.9,14.4,7.4,61.9
10.2,29.7,57.7,22.3,7.4,67.4
12.5,21.4,42.0,26.1,6.5,61.0
11.2,19.3,43.3,27.8,6.8,64.9
11.7,19.8,39.5,27.7,7.1,63.7
12.9,21.3,40.4,25.3,7.1,63.0
12.1,26.2,46.2,23.7,7.3,62.8
10.0,30.3,80.0,20.8,7.6,63.7
13.1,38.1,107.8,14.9,8.1,41.6
14.8,41.2,116.8,15.1,7.8,40.7
11.7,40.6,102.3,14.8,7.1,58.7
10.0,29.3,73.9,23.1,7.0,62.5
11.8,22.7,44.3,27.1,6.6,65.4
9.8,21.6,43.7,30.7,6.6,60.8
9.0,23.3,39.7,35.6,6.5,28.0
8.7,22.6,38.8,33.4,162.6,26.6
9.6,22.8,39.7,33.6,167.9,30.5
10.3,22.4,39.8,34.4,162.9,63.3
12.0,20.0,38.5,31.0,170.8,65.1
12.0,19.0,37.0,34.6,123.3,29.8
10.7,18.0,34.7,33.8,104.6,22.1
11.0,16.0,30.3,63.5,79.5,16.0
10.2,15.0,36.3,67.6,44.3,12.6
10.6,14.3,33.1,63.1,45.4,16.6
9.8,14.4,33.2,67.8,46.6,16.6
10.7,15.0,33.8,63.4,42.8,14.8
10.9,14.9,34.5,66.0,47.1,13.0
12.2,13.9,37.3,67.4,53.1,17.5
12.7,14.5,33.0,33.7,97.5,23.6
14.2,15.8,36.7,30.0,116.4,64.1
14.5,16.2,35.9,27.6,171.4,68.3
15.1,17.7,34.7,28.5,171.3,67.5
14.0,16.1,36.2,31.1,121.7,58.7
13.5,16.5,32.6,35.1,121.3,30.7
12.1,16.3,33.4,31.0,99.3,22.9
10.9,15.2,31.4,65.7,57.3,16.7
10.4,15.7,37.5,67.8,49.1,13.6
10.8,15.2,34.5,63.9,49.0,11.6
10.6,15.0,36.1,67.2,54.1,14.6
11.6,16.6,33.4,40.0,91.0,18.6
12.6,17.0,36.3,33.2,120.4,31.3
12.8,17.9,37.2,31.2,129.8,64.3
12.5,19.1,36.6,32.2,126.3,58.7
12.5,17.7,35.4,33.4,120.3,29.9
11.3,17.3,34.0,32.4,106.6,22.7
10.5,15.8,33.5,64.8,84.2,16.0
9.6,15.3,37.5,67.3,50.0,11.0
9.4,15.6,35.5,61.0,40.6,13.1
9.6,14.8,35.8,65.9,43.5,14.7
10.2,15.1,35.7,63.3,45.7,14.8
10.6,14.2,34.7,63.2,41.5,15.4
12.0,12.9,37.1,66.3,42.9,15.5
12.9,12.5,35.1,62.5,47.8,13.6
12.5,13.0,35.5,64.9,47.2,16.9
13.8,13.5,38.5,34.0,86.9,25.0
15.2,13.7,35.4,30.2,126.7,60.3
16.6,15.4,39.0,25.0,170.0,62.5
16.0,16.2,39.1,25.0,177.6,64.5
16.4,16.9,38.4,25.4,165.0,66.1
14.3,16.4,39.6,27.0,173.5,61.6
13.5,18.0,42.3,31.0,10.7,61.0
12.6,19.1,38.7,32.2,10.6,61.4
13.2,20.5,43.8,29.9,9.6,64.7
12.5,21.1,46.9,26.4,9.0,63.1
9.8,22.8,46.8,25.2,9.0,60.9
9.8,23.3,53.9,20.7,8.4,62.4
12.4,26.3,80.6,18.8,9.2,65.0
14.8,32.1,97.9,17.5,10.2,60.7
13.5,28.5,85.4,17.9,9.6,66.4
10.9,22.1,53.5,20.1,9.2,60.8
11.4,20.3,42.8,23.8,8.9,61.6
12.6,23.0,45.1,27.3,9.4,63.2
13.2,22.6,44.4,25.8,9.6,60.9
11.5,19.3,43.1,23.3,9.3,59.5
9.6,20.0,47.1,21.9,9.6,64.2
13.2,24.8,60.7,19.7,9.7,61.1
18.1,34.1,105.1,11.4,10.1,36.7
28.1,38.5,120.7,10.7,12.0,32.0
27.2,37.6,125.8,11.4,11.0,32.5
19.4,36.0,105.2,11.5,10.9,35.1
14.2,25.9,57.3,17.7,10.3,66.6
10.6,19.0,45.2,20.9,10.2,65.0
12.2,19.3,45.3,22.8,9.9,65.2
12.8,19.9,41.9,22.8,9.6,64.7
11.8,17.8,45.0,21.4,10.0,61.0
11.6,21.0,49.1,20.6,10.2,66.1
16.3,28.4,83.8,12.9,10.9,67.5
23.1,37.2,110.6,10.9,11.1,33.4
24.6,39.0,118.5,11.3,10.7,32.0
20.0,36.9,107.8,11.5,10.6,33.4
14.4,26.9,82.1,17.7,10.3,62.8
10.1,20.9,48.2,21.2,9.6,60.5
13.8,21.3,48.1,25.5,9.3,64.7
13.2,21.0,40.3,30.2,9.9,64.3
13.3,21.6,44.5,30.4,9.7,61.8
14.0,21.3,45.7,26.6,9.8,64.2
11.2,20.9,44.3,24.5,8.9,64.2
9.4,21.4,48.7,20.2,9.1,62.8
13.8,25.5,82.7,19.2,9.8,64.4
18.6,34.8,112.7,12.1,10.5,35.1
19.1,35.3,104.2,11.5,10.2,35.3
14.9,28.9,85.2,18.9,10.3,66.1
9.7,21.1,49.2,20.2,9.9,64.8
13.2,20.8,43.0,24.7,9.6,64.6
13.7,19.9,42.7,28.5,9.8,63.5
12.6,20.2,38.4,29.6,66.3,66.1
14.4,20.8,40.7,28.1,10.0,62.0
13.1,19.1,39.1,29.6,66.2,63.9
14.0,20.7,42.9,28.9,9.7,66.3
14.1,18.9,41.6,29.8,65.3,66.3
13.7,19.8,42.4,27.1,10.3,62.3
14.3,18.9,43.2,25.4,10.4,61.2
12.7,17.7,44.0,22.2,9.8,62.3
13.2,21.0,53.8,18.6,9.9,64.1
18.1,28.4,90.3,11.7,10.3,57.0
26.7,38.9,113.4,11.0,12.1,30.9
28.8,39.5,122.5,10.7,11.2,32.4
22.2,38.1,112.9,11.0,10.8,29.8
16.6,29.4,90.4,12.8,10.6,63.6
10.8,20.8,47.8,20.7,9.7,61.7
13.1,20.5,45.1,24.1,9.2,62.8
13.4,21.6,42.7,28.2,9.4,61.3
13.3,20.2,43.3,27.8,10.1,64.5
13.7,20.8,46.1,25.6,9.7,64.8
11.3,18.4,42.4,22.2,9.7,63.5
10.8,22.5,47.7,21.0,10.0,63.4
14.2,29.1,87.4,19.2,10.3,65.5
21.7,40.6,115.3,12.1,10.9,31.4
23.8,39.3,116.0,11.5,10.8,30.3
19.7,37.9,110.8,12.0,10.9,35.6
13.7,27.2,80.6,19.2,9.5,67.2
10.1,21.6,47.0,21.2,9.2,60.3
12.9,22.4,48.6,25.6,9.0,64.6
13.1,20.0,42.7,30.5,8.8,60.9
13.0,20.7,42.1,29.7,9.3,61.9
12.9,23.1,45.8,28.0,9.4,64.4
11.3,21.0,40.5,24.0,9.3,60.4
9.1,20.8,50.5,21.7,8.8,59.8
13.5,27.8,86.2,18.6,9.5,67.0
19.8,36.7,110.0,12.2,10.7,35.7
18.3,35.8,109.1,11.9,9.7,36.8
14.7,30.2,87.2,18.3,10.0,64.3
9.8,22.0,52.0,20.8,9.3,60.1
12.5,20.5,42.9,25.1,9.1,62.5
12.6,21.8,41.2,27.2,9.8,65.2
13.6,20.8,42.7,29.9,10.1,62.6
14.0,19.3,40.1,28.2,9.8,63.1
15.3,19.3,44.8,25.4,10.1,62.6
12.2,18.1,40.6,21.7,10.3,63.2
11.0,19.7,47.2,21.1,10.1,61.2
12.3,23.2,55.4,18.7,9.4,66.4
17.1,32.2,97.6,12.3,10.4,57.9
24.5,40.6,113.4,11.3,10.6,32.6
26.2,38.0,118.8,11.5,10.8,31.1
19.6,39.2,121.4,11.9,10.3,32.8
14.6,31.1,85.8,19.7,9.8,66.9
9.0,21.9,49.2,21.8,9.0,59.2
13.0,21.4,46.3,25.3,8.5,63.7
12.3,21.9,43.3,29.8,9.7,63.6
12.8,18.9,41.8,32.3,10.0,65.9
13.2,21.0,39.6,30.3,9.5,66.4
13.7,20.8,43.3,27.0,9.9,62.4
11.6,18.5,44.1,23.6,9.7,63.3
11.6,20.2,50.4,19.5,9.8,64.0
14.6,27.8,86.2,18.9,9.8,65.1
22.3,38.2,111.3,12.1,11.2,30.5
24.5,41.1,115.7,11.7,11.2,31.5
18.7,35.6,104.7,12.4,10.6,36.2
13.8,26.9,78.9,18.0,10.1,66.1
9.6,19.8,48.2,21.4,9.7,59.2
13.4,23.1,44.8,28.2,8.9,63.5
13.2,19.7,41.7,32.5,9.9,65.9
12.9,18.0,38.2,31.3,175.4,59.2
13.5,19.1,40.1,29.5,172.3,63.3
12.5,18.8,41.3,32.9,163.2,61.6
12.3,17.2,35.9,33.5,126.0,28.3
11.4,17.2,35.4,35.5,104.1,20.0
10.4,15.8,35.1,67.0,78.3,15.6
9.8,15.7,38.3,61.2,48.9,11.0
9.3,15.2,37.2,63.2,42.7,12.4
9.9,14.3,35.5,64.6,45.6,14.0
11.2,14.6,37.6,62.9,42.5,15.4
11.4,13.5,39.1,59.9,42.8,15.3
12.8,12.5,38.3,59.8,41.9,14.2
12.7,11.7,37.9,64.3,48.2,12.8
14.1,11.3,37.2,59.7,46.9,17.2
15.0,11.7,37.9,33.7,87.1,24.9
16.7,13.5,39.5,28.4,129.6,63.2
16.9,14.4,38.0,25.9,171.8,63.1
16.1,14.6,42.2,24.3,173.8,62.2
16.0,15.8,43.3,26.2,13.8,61.0
16.0,16.0,42.5,27.1,12.4,63.7
14.9,17.9,41.1,29.7,11.8,64.8
13.4,18.9,41.4,29.2,10.4,63.0
10.7,19.7,45.4,27.6,10.1,59.0
8.1,23.9,46.1,24.5,9.0,58.7
8.7,23.5,52.3,23.2,8.6,57.2
11.4,25.6,80.1,19.7,8.8,59.5
14.2,27.9,85.8,19.2,9.2,61.4
12.0,25.4,79.9,19.1,9.1,60.2
62.0,5.1,0,20.3,1.4,32.4
59.6,4.9,0,21.2,1.5,32.4
57.8,4.8,0,19.2,1.8,29.5
60.6,5.1,0,20.3,1.9,29.0
61.6,5.7,0.4,20.5,2.0,30.9
61.0,6.4,0.3,20.4,16.2,29.6
155.5,7.1,0.3,20.8,17.1,30.9
157.0,8.5,0.2,19.2,17.4,29.1
164.3,9.0,0.1,20.5,16.1,30.9
157.5,10.4,10.7,20.1,15.5,29.2
159.6,11.5,10.6,20.8,13.2,27.4
158.4,13.7,10.1,19.6,11.7,26.7
161.1,13.8,10.4,19.5,10.1,24.8
151.9,16.5,10.5,19.4,9.9,22.2
147.7,17.6,10.0,20.7,9.6,20.1
155.0,17.6,10.9,20.3,9.6,19.5
144.4,19.1,10.3,19.9,9.4,16.8
155.6,21.9,10.1,19.3,9.8,15.6
143.7,23.4,10.1,19.7,9.7,12.7
141.4,22.7,10.3,20.2,9.4,11.6
141.4,24.2,5.6,20.3,9.8,9.1
136.7,26.4,5.6,19.5,16.4,8.5
149.0,28.3,5.6,19.5,17.8,8.5
138.2,28.1,5.4,20.5,17.1,8.6
139.3,29.4,5.3,18.7,17.8,8.5
137.3,31.3,5.5,19.6,18.0,8.4
134.1,31.7,5.5,19.8,17.7,8.7
132.9,34.4,5.4,19.8,15.9,8.2
133.7,36.0,10.6,4.6,15.7,8.0
127.8,37.9,10.9,4.6,13.4,14.8
134.1,38.2,10.6,4.4,11.7,16.0
136.8,38.5,10.8,4.4,10.3,15.1
126.5,40.6,11.2,4.4,10.0,15.3
123.8,44.3,10.4,4.7,10.1,15.7
131.2,43.2,10.3,4.3,9.9,15.4
130.0,44.8,10.2,4.3,10.3,15.5
118.3,44.5,10.6,9.5,10.0,14.3
118.2,48.4,11.2,9.7,10.5,29.9
115.4,50.3,10.9,8.8,10.1,30.2
124.7,52.7,6.0,9.0,8.9,27.9
119.1,53.4,6.0,9.6,6.8,29.7
122.4,51.6,5.9,9.5,4.9,28.5
110.3,52.8,6.0,8.9,2.9,30.2
112.5,55.4,6.1,9.7,3.3,28.3
109.7,57.8,5.7,9.7,3.2,27.9
107.8,60.9,6.1,9.4,3.3,28.8
108.1,59.8,1.0,8.7,3.2,28.0
106.7,58.0,0.9,20.1,3.0,29.1
103.7,61.3,0.9,18.4,2.8,29.5
106.8,64.0,0.8,19.7,3.0,27.6
109.3,69.9,0.8,19.4,2.2,30.4
97.3,71.0,0.9,19.4,2.5,31.6
90.9,73.3,1.0,19.1,2.5,30.2
4.7,67.3,1.1,18.7,2.7,32.1
4.2,70.4,1.4,18.8,2.6,31.9
3.7,74.0,1.5,18.7,2.7,33.6
4.8,73.4,1.6,19.0,2.8,34.3
5.9,67.1,1.8,19.4,3.1,31.5
88.4,70.9,2.0,18.3,3.3,32.1
89.2,68.5,2.2,18.8,3.8,33.1
92.4,65.6,2.3,18.2,4.0,30.8
52.6,64.6,2.3,17.4,3.8,31.4
8.4,67.1,2.4,18.7,3.7,32.9
7.4,68.2,2.2,17.7,3.5,34.7
6.9,67.7,2.2,19.1,3.6,34.4
7.5,66.9,2.1,18.4,3.6,31.8
49.7,69.1,2.2,19.1,3.6,33.3
55.7,69.9,2.4,18.0,3.8,32.9
93.8,66.2,2.5,18.6,4.0,30.7
51.3,67.0,2.5,17.8,4.1,32.3
9.4,64.6,2.6,17.4,4.0,32.1
7.8,65.4,2.4,18.4,3.9,34.5
7.8,67.8,2.2,17.7,3.7,32.2
47.1,66.3,2.2,18.0,3.7,32.4
50.4,69.2,2.2,17.8,3.7,32.2
97.4,70.8,2.2,17.7,3.8,30.3
52.8,64.9,2.3,18.2,3.9,32.2
49.3,65.9,2.3,17.5,3.7,33.7
49.3,71.2,2.2,18.8,3.4,33.1
44.5,71.5,2.1,19.2,3.4,32.1
5.2,70.4,1.9,18.3,3.3,35.2
4.1,68.3,2.1,18.4,2.9,36.2
3.6,70.0,2.2,18.7,3.0,39.3
4.0,68.9,2.5,18.4,3.2,36.7
5.1,69.3,2.5,18.2,3.4,36.6
6.2,70.0,2.9,17.9,3.7,34.6
8.2,71.8,3.1,17.2,4.3,35.2
45.3,69.2,3.4,16.6,4.3,32.5
45.4,63.5,8.8,16.6,4.7,32.7
45.3,65.4,8.6,17.2,5.2,34.3
10.9,67.2,8.7,16.8,5.2,34.6
10.0,63.2,8.7,16.3,5.2,33.8
44.7,69.2,8.8,16.5,5.2,32.1
91.9,67.2,8.8,16.7,5.3,28.4
104.2,65.7,3.5,16.3,6.1,27.6
106.2,68.9,3.2,16.4,6.3,26.1
110.1,59.7,3.1,17.3,5.0,24.8
111.2,63.8,3.0,17.4,3.5,23.9
106.5,66.2,3.1,16.3,2.2,23.5
97.7,73.4,3.4,16.7,2.4,29.4
39.5,26.0,3.8,17.9,3.1,33.5
37.1,17.2,4.1,18.4,4.0,41.6
3.4,18.8,4.5,18.4,4.1,50.7
2.6,18.4,5.6,20.2,4.0,58.1
2.3,15.0,6.1,20.7,4.1,52.4
2.9,13.9,6.3,20.7,4.4,55.3
3.5,13.4,12.5,20.1,4.6,56.5
4.3,13.5,13.9,19.1,5.3,53.7
5.4,12.2,14.4,18.6,6.0,55.3
6.3,10.7,15.5,17.5,6.8,60.5
7.7,9.8,16.7,17.2,7.1,60.5
8.8,8.5,22.5,16.4,7.7,52.5
9.4,7.0,21.1,14.7,8.2,58.2
10.3,9.1,22.9,14.9,7.9,56.2
10.9,9.8,22.1,15.5,8.5,60.1
11.3,9.6,20.1,14.4,8.3,55.5
14.8,8.2,19.4,2.1,9.0,39.3
49.3,7.1,13.2,2.4,9.8,31.8
99.6,7.3,13.4,2.3,10.8,23.8
113.2,63.3,13.2,2.3,11.8,21.1
115.0,63.4,13.1,2.3,12.9,18.9
69.1,60.5,12.7,2.3,10.3,19.3
65.3,66.9,7.6,2.4,9.1,18.3
65.4,68.5,8.1,2.0,6.6,18.1
65.2,65.1,7.6,11.8,6.8,18.4
62.3,66.8,8.1,11.9,6.3,17.7
60.8,70.8,7.9,12.6,6.6,18.9
57.0,70.9,7.7,11.9,6.3,18.5
59.8,69.8,7.4,12.6,24.9,17.8
57.0,72.9,7.8,12.4,23.0,17.6
57.5,71.6,3.2,11.9,22.8,17.4
52.6,73.3,3.3,11.8,22.3,18.0
54.0,75.1,3.3,12.5,22.9,17.5
51.2,80.3,3.2,11.6,23.5,17.5
51.1,83.5,3.0,11.7,22.2,17.4
49.0,80.5,13.3,11.5,22.7,16.9
46.2,81.2,13.9,11.1,22.7,16.4
47.9,85.4,13.3,11.6,23.1,16.8
43.1,82.0,18.2,10.8,23.1,16.2
41.5,85.4,17.8,11.4,23.3,16.2
40.6,84.7,19.4,11.3,23.1,16.4
39.9,87.6,19.0,10.8,24.8,16.6
40.7,87.0,18.9,10.9,24.9,15.6
39.2,89.9,19.3,10.9,24.2,16.2
37.2,98.0,18.8,10.5,24.7,16.1
35.9,96.9,15.1,10.7,22.4,15.4
34.9,98.2,14.3,10.7,19.8,15.8
33.8,94.0,14.2,10.2,19.3,15.7
33.1,95.5,15.3,10.2,17.6,16.3
31.0,98.3,15.4,10.6,17.2,15.2
28.1,96.6,14.2,10.2,17.5,15.8
28.6,106.4,14.2,10.5,17.8,15.5
25.1,109.2,15.6,9.6,16.5,14.8
25.8,110.3,15.2,9.8,17.4,14.8
24.2,107.9,15.1,9.7,17.9,15.5
21.3,113.1,15.2,9.8,17.2,14.5
20.5,104.4,14.7,9.9,25.2,14.6
19.3,105.2,15.0,9.6,26.4,14.0
18.6,116.4,15.9,9.3,24.4,14.7
16.9,112.1,14.8,9.6,24.8,12.9
15.8,109.3,10.3,9.1,24.7,11.1
13.9,116.4,11.0,9.1,26.4,8.6
13.5,113.4,11.0,9.6,25.5,6.5
11.7,60.7,10.3,9.0,25.2,8.1
11.1,50.9,10.9,8.9,21.5,9.1
50.7,52.2,11.0,9.5,18.7,7.6
44.3,40.6,16.9,9.7,17.6,6.7
45.4,31.0,17.4,7.2,16.9,5.3
41.5,27.8,18.1,6.1,17.0,8.8
37.2,28.3,18.2,6.3,16.5,8.5
36.9,27.2,11.7,6.6,14.7,7.1
33.9,28.0,10.7,7.5,14.4,6.6
32.8,30.3,10.3,4.8,14.4,5.2
31.5,30.5,9.9,2.4,13.2,4.0
28.8,30.6,8.8,3.9,13.0,2.9
29.6,31.9,7.9,4.7,12.2,7.0
28.3,33.9,7.6,4.9,11.5,9.3
26.9,35.1,6.7,3.2,10.8,9.7
25.7,38.0,9.5,0.8,9.9,32.0
23.2,37.1,10.5,1.9,9.0,32.5
23.4,37.8,9.7,2.6,8.6,37.9
21.2,39.5,9.8,3.1,8.2,42.5
19.6,40.6,8.6,4.2,7.4,39.4
17.5,44.8,7.6,4.8,12.0,38.6
16.8,45.4,7.0,5.2,11.5,38.3
14.9,48.2,6.5,22.2,10.5,37.7
14.5,45.4,5.8,22.4,9.9,35.1
14.5,54.6,4.9,23.4,9.4,33.1
18.5,71.7,4.1,22.2,9.8,37.0
17.0,78.8,8.3,21.1,9.9,27.9
17.1,88.7,8.4,21.6,10.9,25.6
14.8,95.1,8.1,21.8,10.6,24.2
16.8,93.4,7.8,22.8,9.7,22.2
23.9,151.1,7.5,22.4,7.2,21.8
22.9,60.1,7.0,21.6,5.1,19.3
20.3,61.8,7.2,22.7,5.7,18.5
19.9,65.6,7.3,21.4,5.8,19.3
18.4,64.2,7.3,21.8,5.5,19.1
18.3,69.0,7.2,23.0,5.7,17.9
16.8,70.6,7.1,23.4,6.2,18.4
15.0,71.8,2.5,22.0,6.3,18.3
13.4,68.8,2.5,17.1,6.0,18.9
12.9,27.1,2.4,22.1,5.1,17.1
18.2,27.9,2.6,22.3,3.5,14.7
19.0,15.4,3.1,23.7,2.0,14.9
17.9,16.9,3.6,24.9,4.1,13.2
17.7,17.6,4.2,24.7,6.1,12.4
171.8,10.2,4.3,14.7,16.1,16.8
168.0,9.7,4.5,15.2,16.4,16.7
163.0,10.2,4.4,16.1,15.6,16.4
162.6,9.8,4.5,14.9,15.5,15.3
171.1,10.5,4.4,15.6,16.7,17.7
169.1,11.5,9.8,16.1,15.3,17.3
156.1,12.6,9.6,15.6,15.5,16.8
169.1,13.6,9.8,15.9,16.4,17.0
154.2,14.7,10.3,15.6,16.2,17.3
159.5,15.5,9.6,15.3,15.6,17.9
165.3,15.9,10.2,15.8,13.5,16.7
152.8,18.2,9.6,14.8,12.3,16.6
157.5,20.1,10.2,11.1,10.4,16.4
151.3,19.7,9.4,10.4,8.3,23.8
147.6,21.9,9.6,10.7,8.3,25.0
158.7,22.2,10.0,9.9,8.4,24.2
143.1,24.3,9.9,10.6,8.5,24.7
154.5,26.6,9.5,10.3,8.0,25.0
145.7,26.2,9.3,10.1,8.2,23.4
142.7,28.2,9.2,10.7,7.8,23.4
140.8,28.8,4.6,10.7,8.3,25.6
144.8,32.2,4.8,10.2,7.9,25.5
137.2,32.2,4.4,11.0,7.5,23.5
134.7,32.6,4.6,10.4,7.4,24.2
143.9,35.5,4.4,10.2,7.4,33.0
143.4,37.1,4.3,15.7,7.7,30.4
132.0,37.0,4.3,15.5,14.9,32.4
136.5,39.7,4.2,15.3,15.1,31.2
130.8,39.6,4.0,16.3,15.5,28.3
136.5,42.6,4.2,16.0,14.4,26.4
131.6,42.5,3.9,16.1,14.7,25.5
131.5,43.6,4.1,15.0,15.0,24.2
123.7,45.4,9.3,15.3,14.4,22.4
131.6,47.4,8.8,16.0,12.8,20.2
131.6,49.8,9.2,16.3,11.1,18.2
121.8,49.7,9.0,14.9,9.2,18.0
129.6,48.9,9.1,16.8,8.0,17.5
118.2,53.2,9.1,16.0,7.6,17.8
123.3,55.4,9.3,15.1,8.1,17.9
122.9,56.9,8.6,20.1,7.7,18.1
112.7,57.4,8.6,20.3,7.5,17.6
112.7,58.2,8.7,21.3,7.8,17.1
112.5,58.8,9.1,21.8,7.8,25.1
109.1,59.7,4.2,21.0,7.3,24.8
110.2,64.5,4.0,20.1,7.3,25.9
111.2,62.2,3.9,22.2,7.1,25.2
109.6,66.6,3.8,11.0,7.1,24.6
105.8,69.0,3.9,11.1,7.3,21.3
109.8,67.5,3.9,11.5,7.5,19.5
101.3,70.4,4.0,11.4,7.0,18.3
101.1,66.8,4.0,10.9,7.0,19.0
102.6,73.3,3.7,11.8,6.9,18.0
104.1,72.4,3.6,10.9,6.8,18.5
97.0,76.4,3.7,11.7,7.0,18.0
101.7,75.9,3.7,11.1,6.9,19.0
96.0,73.6,3.7,15.7,7.0,18.1
95.2,76.7,3.4,15.6,6.9,18.9
97.9,81.5,3.5,15.6,6.3,26.9
90.8,83.3,3.6,17.3,6.6,25.9
91.3,78.8,3.3,16.6,6.4,26.5
90.5,85.6,3.4,15.8,13.1,24.5
92.6,83.0,3.4,11.6,13.6,25.6
90.0,85.8,3.2,11.2,13.5,25.4
86.2,90.1,3.2,11.0,13.4,26.3
89.9,86.9,3.3,11.2,13.5,26.3
82.2,87.9,3.0,11.2,14.0,26.2
81.2,93.3,8.5,12.0,13.6,26.9
85.0,92.9,8.7,11.4,13.4,26.1
84.4,96.0,8.6,11.9,12.8,32.2
77.4,97.6,8.4,12.0,13.7,32.2
82.4,96.2,8.5,17.3,13.0,32.2
79.7,99.4,8.1,16.5,12.5,34.9
76.4,98.7,8.0,17.3,10.7,33.2
77.0,99.9,7.9,17.4,8.8,34.8
71.5,98.4,8.1,16.6,7.0,31.7
74.1,102.1,8.4,17.0,6.9,33.3
72.5,106.3,7.7,17.4,6.2,32.0
72.4,106.5,7.9,17.4,6.8,28.8
66.1,102.6,7.7,16.9,6.7,25.6
69.0,111.3,7.7,16.7,6.4,26.1
65.1,114.9,3.3,17.0,6.2,26.0
60.8,114.1,3.1,17.3,5.9,26.9
61.7,108.5,3.1,17.5,6.3,26.1
60.5,116.3,3.2,17.5,5.9,26.5
62.0,109.5,3.0,16.9,6.0,26.6
57.9,115.9,3.1,22.2,5.6,27.0
54.9,122.7,3.1,21.7,5.8,27.3
53.3,117.7,2.9,21.6,12.8,25.6
57.3,118.4,2.9,20.9,12.5,27.4
53.6,118.3,2.7,23.0,12.4,26.6
50.4,122.2,2.7,21.1,12.5,26.7
51.9,118.4,2.5,22.3,9.9,27.5
49.0,129.6,7.5,22.9,8.6,25.7
50.1,132.1,7.9,21.3,6.2,26.4
48.7,122.7,7.5,22.2,4.5,26.0
44.6,127.9,7.4,17.5,2.7,26.6
31.4,125.5,7.7,17.4,3.3,31.8
7.0,88.9,8.2,18.2,3.6,39.2
4.5,54.6,8.7,18.9,3.8,44.1
3.1,34.9,9.0,19.1,6.2,42.9
3.4,32.9,9.5,17.6,6.8,40.4
4.7,38.3,8.8,18.4,7.4,44.8
5.7,39.0,7.4,17.5,8.3,45.7
7.3,34.8,5.0,17.7,10.6,44.1
8.5,36.8,5.6,15.7,10.9,45.2
10.1,37.6,6.0,15.3,11.1,40.2
11.1,34.6,6.5,15.6,12.4,41.8
13.0,34.8,7.1,15.6,13.0,38.5
15.8,47.1,6.9,15.2,12.7,35.6
36.1,54.5,6.9,18.5,14.0,28.0
44.8,96.0,6.7,18.8,13.7,26.2
50.1,120.1,6.5,18.8,11.6,23.5
50.0,129.9,6.4,18.1,10.4,22.3
47.8,125.7,6.0,18.2,8.7,22.0
46.2,121.9,11.2,17.9,7.1,22.0
45.6,132.5,11.2,18.1,5.2,21.0
44.2,130.4,10.6,18.1,3.4,20.9
44.7,135.9,11.2,14.5,3.9,21.3
42.0,137.9,11.0,13.7,3.8,20.1
41.2,127.1,10.7,14.0,3.7,22.9
42.7,133.5,11.2,13.8,3.6,22.4
40.8,134.3,1.4,13.4,3.5,21.5
39.5,136.4,1.3,14.0,3.6,20.6
36.8,132.5,1.3,13.2,3.4,24.6
37.2,144.4,1.2,13.2,3.2,23.1
34.7,137.2,1.1,14.5,17.2,21.6
34.3,139.7,1.1,13.4,16.6,23.0
31.9,138.7,1.0,13.6,16.7,21.6
30.1,150.5,0.9,13.6,16.4,21.1
27.5,141.0,6.0,13.7,15.3,22.5
28.0,152.9,5.8,14.4,12.5,22.7
26.2,146.7,6.2,13.6,11.3,21.8
24.2,143.8,5.7,13.0,11.0,21.7
23.9,147.7,11.0,14.0,10.1,21.9
23.2,158.4,11.0,14.1,10.2,21.9
21.3,152.7,10.3,13.4,10.2,22.4
19.0,155.7,11.3,13.0,8.8,22.1
18.5,160.6,11.0,19.2,6.5,19.7
17.6,158.1,11.3,19.2,4.9,18.1
15.8,164.1,10.3,17.8,3.8,17.7
14.1,157.1,6.5,13.8,3.6,15.0
13.0,156.5,6.1,13.3,3.5,13.8
